[{"model": "data_show.company", "pk": 1, "fields": {"name": "Romaguera-Crona", "catchPhrase": "Multi-layered client-server neural-net", "bs": "harness real-time e-markets"}}, {"model": "data_show.geo", "pk": 1, "fields": {"lat": "-37.3159", "lng": "81.1496"}}, {"model": "data_show.address", "pk": 1, "fields": {"street": "Kulas Light", "suite": "Apt. 556", "city": "Gwenborough", "zipcode": "92998-3874", "geo": 1}}, {"model": "data_show.user", "pk": 1, "fields": {"name": "Leanne Graham", "username": "Bret", "email": "Sincere@april.biz", "address": 1, "phone": "1-770-736-8031 x56442", "website": "hildegard.org", "company": 1}}, {"model": "data_show.company", "pk": 2, "fields": {"name": "Deckow-Crist", "catchPhrase": "Proactive didactic contingency", "bs": "synergize scalable supply-chains"}}, {"model": "data_show.geo", "pk": 2, "fields": {"lat": "-43.9509", "lng": "-34.4618"}}, {"model": "data_show.address", "pk": 2, "fields": {"street": "Victor Plains", "suite": "Suite 879", "city": "Wisokyburgh", "zipcode": "90566-7771", "geo": 2}}, {"model": "data_show.user", "pk": 2, "fields": {"name": "Ervin Howell", "username": "Antonette", "email": "Shanna@melissa.tv", "address": 2, "phone": "010-692-6593 x09125", "website": "anastasia.net", "company": 2}}, {"model": "data_show.company", "pk": 3, "fields": {"name": "Romaguera-Jacobson", "catchPhrase": "Face to face bifurcated interface", "bs": "e-enable strategic applications"}}, {"model": "data_show.geo", "pk": 3, "fields": {"lat": "-68.6102", "lng": "-47.0653"}}, {"model": "data_show.address", "pk": 3, "fields": {"street": "Douglas Extension", "suite": "Suite 847", "city": "McKenziehaven", "zipcode": "59590-4157", "geo": 3}}, {"model": "data_show.user", "pk": 3, "fields": {"name": "Clementine Bauch", "username": "Samantha", "email": "Nathan@yesenia.net", "address": 3, "phone": "1-463-123-4447", "website": "ramiro.info", "company": 3}}, {"model": "data_show.company", "pk": 4, "fields": {"name": "Robel-Corkery", "catchPhrase": "Multi-tiered zero tolerance productivity", "bs": "transition cutting-edge web services"}}, {"model": "data_show.geo", "pk": 4, "fields": {"lat": "29.4572", "lng": "-164.2990"}}, {"model": "data_show.address", "pk": 4, "fields": {"street": "Hoeger Mall", "suite": "Apt. 692", "city": "South Elvis", "zipcode": "53919-4257", "geo": 4}}, {"model": "data_show.user", "pk": 4, "fields": {"name": "Patricia Lebsack", "username": "Karianne", "email": "Julianne.OConner@kory.org", "address": 4, "phone": "493-170-9623 x156", "website": "kale.biz", "company": 4}}, {"model": "data_show.company", "pk": 5, "fields": {"name": "Keebler LLC", "catchPhrase": "User-centric fault-tolerant solution", "bs": "revolutionize end-to-end systems"}}, {"model": "data_show.geo", "pk": 5, "fields": {"lat": "-31.8129", "lng": "62.5342"}}, {"model": "data_show.address", "pk": 5, "fields": {"street": "Skiles Walks", "suite": "Suite 351", "city": "Roscoeview", "zipcode": "33263", "geo": 5}}, {"model": "data_show.user", "pk": 5, "fields": {"name": "Chelsey Dietrich", "username": "Kamren", "email": "Lucio_Hettinger@annie.ca", "address": 5, "phone": "(254)954-1289", "website": "demarco.info", "company": 5}}, {"model": "data_show.company", "pk": 6, "fields": {"name": "Considine-Lockman", "catchPhrase": "Synchronised bottom-line interface", "bs": "e-enable innovative applications"}}, {"model": "data_show.geo", "pk": 6, "fields": {"lat": "-71.4197", "lng": "71.7478"}}, {"model": "data_show.address", "pk": 6, "fields": {"street": "Norberto Crossing", "suite": "Apt. 950", "city": "South Christy", "zipcode": "23505-1337", "geo": 6}}, {"model": "data_show.user", "pk": 6, "fields": {"name": "Mrs. Dennis Schulist", "username": "Leopoldo_Corkery", "email": "Karley_Dach@jasper.info", "address": 6, "phone": "1-477-935-8478 x6430", "website": "ola.org", "company": 6}}, {"model": "data_show.company", "pk": 7, "fields": {"name": "Johns Group", "catchPhrase": "Configurable multimedia task-force", "bs": "generate enterprise e-tailers"}}, {"model": "data_show.geo", "pk": 7, "fields": {"lat": "24.8918", "lng": "21.8984"}}, {"model": "data_show.address", "pk": 7, "fields": {"street": "Rex Trail", "suite": "Suite 280", "city": "Howemouth", "zipcode": "58804-1099", "geo": 7}}, {"model": "data_show.user", "pk": 7, "fields": {"name": "Kurtis Weissnat", "username": "Elwyn.Skiles", "email": "Telly.Hoeger@billy.biz", "address": 7, "phone": "210.067.6132", "website": "elvis.io", "company": 7}}, {"model": "data_show.company", "pk": 8, "fields": {"name": "Abernathy Group", "catchPhrase": "Implemented secondary concept", "bs": "e-enable extensible e-tailers"}}, {"model": "data_show.geo", "pk": 8, "fields": {"lat": "-14.3990", "lng": "-120.7677"}}, {"model": "data_show.address", "pk": 8, "fields": {"street": "Ellsworth Summit", "suite": "Suite 729", "city": "Aliyaview", "zipcode": "45169", "geo": 8}}, {"model": "data_show.user", "pk": 8, "fields": {"name": "Nicholas Runolfsdottir V", "username": "Maxime_Nienow", "email": "Sherwood@rosamond.me", "address": 8, "phone": "586.493.6943 x140", "website": "jacynthe.com", "company": 8}}, {"model": "data_show.company", "pk": 9, "fields": {"name": "Yost and Sons", "catchPhrase": "Switchable contextually-based project", "bs": "aggregate real-time technologies"}}, {"model": "data_show.geo", "pk": 9, "fields": {"lat": "24.6463", "lng": "-168.8889"}}, {"model": "data_show.address", "pk": 9, "fields": {"street": "Dayna Park", "suite": "Suite 449", "city": "Bartholomebury", "zipcode": "76495-3109", "geo": 9}}, {"model": "data_show.user", "pk": 9, "fields": {"name": "Glenna Reichert", "username": "Delphine", "email": "Chaim_McDermott@dana.io", "address": 9, "phone": "(775)976-6794 x41206", "website": "conrad.com", "company": 9}}, {"model": "data_show.company", "pk": 10, "fields": {"name": "Hoeger LLC", "catchPhrase": "Centralized empowering task-force", "bs": "target end-to-end models"}}, {"model": "data_show.geo", "pk": 10, "fields": {"lat": "-38.2386", "lng": "57.2232"}}, {"model": "data_show.address", "pk": 10, "fields": {"street": "Kattie Turnpike", "suite": "Suite 198", "city": "Lebsackbury", "zipcode": "31428-2261", "geo": 10}}, {"model": "data_show.user", "pk": 10, "fields": {"name": "Clementina DuBuque", "username": "Moriah.Stanton", "email": "Rey.Padberg@karina.biz", "address": 10, "phone": "024-648-3804", "website": "ambrose.net", "company": 10}}]